,City,Cloudiness,Country,Date,Humidity,Lat,Lng,Max Temp,Wind Speed
0,Barcelos,0,BR,1566660847,51,-0.97,-62.93,91.08,3.22
1,Jamestown,0,AU,1566660879,94,-33.21,138.6,39.78,5.14
2,Ushuaia,40,AR,1566660853,65,-54.81,-68.31,46.4,3.36
3,Albany,40,US,1566660881,60,42.65,-73.75,70.0,9.17
4,East London,0,ZA,1566660882,44,-33.02,27.91,75.2,3.36
5,Kodiak,75,US,1566660883,73,39.95,-94.76,72.0,11.41
6,Barrow,100,AR,1566660884,55,-38.31,-60.23,59.94,14.29
7,Baghdad,0,IQ,1566660886,16,33.3,44.38,109.4,4.7
8,San Patricio,0,PY,1566660887,54,-26.98,-56.83,71.28,5.08
9,Cayenne,20,GF,1566660888,59,4.94,-52.33,89.6,6.93
10,Kapaa,90,US,1566660889,74,22.08,-159.32,80.6,17.22
11,Nikolskoye,75,RU,1566660890,63,59.7,30.79,64.4,17.9
12,Hobart,75,AU,1566660891,65,-42.88,147.33,44.6,11.41
13,Nanortalik,100,GL,1566660893,65,60.14,-45.24,46.08,10.42
14,Qom,0,IR,1566660894,10,34.64,50.88,83.16,7.25
15,Vaini,20,IN,1566660877,88,15.34,74.49,75.2,5.82
16,Bafq,0,IR,1566660896,11,31.6,55.4,78.66,11.99
17,Puerto Ayora,40,EC,1566660897,69,-0.74,-90.35,75.2,10.29
18,Rikitea,100,PF,1566660898,71,-23.12,-134.97,69.12,20.42
19,Kaitangata,57,NZ,1566660899,69,-46.28,169.85,44.01,1.99
20,Kavieng,94,PG,1566660901,76,-2.57,150.8,82.8,10.42
21,New Norfolk,75,AU,1566660902,65,-42.78,147.06,44.6,11.41
22,Pandharpur,34,IN,1566660903,73,17.68,75.33,77.4,15.5
23,Hilo,90,US,1566660904,64,19.71,-155.08,75.2,5.82
24,Yellowknife,90,CA,1566660905,87,62.45,-114.38,51.8,5.82
25,Kuruman,0,ZA,1566660907,11,-27.46,23.43,77.0,7.63
26,San Miguel,0,AR,1566660908,63,-34.54,-58.72,64.0,10.29
27,Yilan,32,CN,1566660909,94,43.11,129.52,56.7,2.1
28,Mataura,97,NZ,1566660910,83,-46.19,168.86,44.01,1.99
29,Khor,6,RU,1566660911,93,47.88,134.96,52.74,5.01
30,Gornopravdinsk,100,RU,1566660912,85,60.06,69.92,53.46,13.65
31,Severo-Kurilsk,100,RU,1566660914,90,50.68,156.12,48.06,21.54
32,Roebourne,0,AU,1566660915,64,-20.77,117.15,64.98,7.85
33,Cherskiy,3,RU,1566660916,51,68.75,161.3,53.28,4.74
34,Hamilton,20,CA,1566660876,63,43.26,-79.87,71.01,10.29
35,Upernavik,43,GL,1566660918,64,72.79,-56.15,42.48,8.9
36,Stromness,20,CA,1566660922,63,42.87,-79.55,70.0,10.29
37,Atuona,7,PF,1566660923,72,-9.8,-139.03,78.3,14.81
38,Guane,94,CU,1566660925,74,22.2,-84.09,83.34,2.3
39,Thompson,90,CA,1566660926,88,55.74,-97.86,62.6,5.82
40,Rio Gallegos,40,AR,1566660927,53,-51.62,-69.22,50.0,10.29
41,Oktyabrskoye,20,RU,1566660928,82,56.73,85.44,64.99,8.95
42,Quatre Cocos,75,MU,1566660929,78,-20.21,57.76,71.6,14.99
43,Busselton,100,AU,1566660930,56,-33.64,115.35,50.0,15.17
44,Tiksi,100,RU,1566660857,98,71.64,128.87,48.42,1.48
45,Lakatoro,54,VU,1566660933,70,-16.11,167.42,72.36,11.63
46,Berovo,62,MK,1566660934,36,41.71,22.85,96.01,3.0
47,Itupiranga,40,BR,1566660935,52,-5.13,-49.33,91.4,5.82
48,College,90,US,1566660936,100,64.86,-147.8,43.0,1.16
49,Dikson,100,RU,1566660937,96,73.51,80.55,41.58,15.97
50,Cape Town,0,ZA,1566660938,32,-33.93,18.42,69.8,18.34
51,Hithadhoo,100,MV,1566660880,68,-0.6,73.08,83.52,9.73
52,Akdepe,0,TM,1566660941,26,42.05,59.39,84.2,6.93
53,Hasaki,75,JP,1566660942,94,35.73,140.83,75.2,3.36
54,Touros,40,BR,1566660943,58,-5.2,-35.46,86.0,13.87
55,Zeya,9,RU,1566660944,88,53.74,127.27,52.56,1.99
56,Kruisfontein,0,ZA,1566660945,43,-34.0,24.73,70.02,8.12
57,Poretskoye,25,RU,1566660946,71,55.2,46.33,64.8,5.28
58,Sitka,56,US,1566660948,84,37.17,-99.65,73.0,11.01
59,Punta Arenas,75,CL,1566660949,100,-53.16,-70.91,42.8,5.82
60,Port Elizabeth,1,US,1566660950,53,39.31,-74.98,75.99,13.87
61,Hermanus,0,ZA,1566660927,84,-34.42,19.24,64.0,4.0
62,Bredasdorp,0,ZA,1566660952,56,-34.53,20.04,71.6,6.93
63,Bay Roberts,90,CA,1566660953,76,47.58,-53.28,57.99,16.11
64,Port Alfred,0,ZA,1566660954,82,-33.59,26.89,66.99,2.86
65,Chokurdakh,88,RU,1566660956,64,70.62,147.9,54.72,5.77
66,Codrington,0,AU,1566660957,93,-28.95,153.24,55.4,5.82
67,Ilulissat,5,GL,1566660958,48,69.22,-51.1,42.8,9.17
68,San Luis,23,AR,1566660959,31,-33.3,-66.34,70.74,5.64
69,Saskylakh,77,RU,1566660960,88,71.97,114.09,46.98,5.23
70,Phonhong,75,LA,1566660962,94,18.5,102.42,82.4,6.93
71,Yokadouma,98,CM,1566660963,84,3.52,15.05,76.68,3.09
72,Abonnema,100,NG,1566660964,86,4.71,6.79,75.78,11.07
73,Dejen,9,ET,1566660966,83,10.16,38.15,70.56,2.71
74,Vostok,60,RU,1566660967,98,46.45,135.83,47.88,0.74
75,Shimoda,95,JP,1566660968,3,34.7,138.93,80.01,1.01
76,Aklavik,75,CA,1566660969,80,68.22,-135.01,39.2,4.7
77,Souillac,0,FR,1566660970,23,45.6,-0.6,96.01,4.7
78,Iqaluit,75,CA,1566660971,75,63.75,-68.52,44.6,6.93
79,Kavaratti,100,IN,1566660973,81,10.57,72.64,82.08,18.25
80,Drezdenko,0,PL,1566660974,43,52.84,15.83,79.56,9.71
81,Brumunddal,99,NO,1566660975,78,60.89,10.94,60.01,5.01
82,Ponta do Sol,0,BR,1566660976,30,-20.63,-46.0,76.32,3.67
83,Broome,0,GB,1566660977,39,52.47,1.45,82.99,10.29
84,Tuatapere,73,NZ,1566660978,83,-46.13,167.69,44.01,1.99
85,Kahului,1,US,1566660979,73,20.89,-156.47,75.99,6.93
86,Cabo San Lucas,40,MX,1566660919,94,22.89,-109.91,84.99,5.82
87,Cidreira,17,BR,1566660982,54,-30.17,-50.22,64.08,9.31
88,Yulara,0,AU,1566660983,35,-25.24,130.99,55.4,8.05
89,Ancud,90,CL,1566660984,87,-41.87,-73.83,48.2,9.17
90,Sensuntepeque,20,SV,1566660985,69,13.88,-88.63,87.8,3.36
91,San Quintin,100,PH,1566660987,88,17.54,120.52,75.6,5.21
92,Hasanabad,0,IR,1566660988,8,35.37,51.24,96.8,6.93
93,Sur,0,OM,1566660989,57,22.57,59.53,85.86,5.08
94,Tvoroyri,99,FO,1566660990,100,61.56,-6.81,51.8,11.41
95,Dicabisagan,100,PH,1566660991,81,17.08,122.42,77.22,4.7
96,Staraya Kulatka,0,RU,1566660992,60,52.73,47.62,66.96,4.72
97,Saint-Philippe,90,CA,1566660993,68,45.36,-73.48,70.0,6.93
98,Bethel,1,US,1566660995,93,60.79,-161.76,48.2,8.05
99,Carnarvon,0,ZA,1566660996,12,-30.97,22.13,75.42,19.57
100,Peoria,1,US,1566660997,60,40.69,-89.59,73.0,8.05
101,Exeter,0,GB,1566660998,50,50.73,-3.53,84.2,13.87
102,Chunskiy,0,RU,1566660999,89,56.08,99.63,50.4,2.19
103,Mathbaria,100,BD,1566661000,93,22.29,89.96,79.2,5.06
104,Victoria,75,BN,1566660815,83,5.28,115.24,84.2,9.46
105,Alta Floresta,92,BR,1566661003,46,-9.87,-56.08,91.4,4.7
106,Butaritari,56,KI,1566660867,73,3.07,172.79,83.7,5.86
107,Bocanda,97,CI,1566661005,80,7.06,-4.5,81.36,5.53
108,Monrovia,75,LR,1566661006,88,6.33,-10.8,80.6,6.93
109,Charyshskoye,52,RU,1566661007,84,51.4,83.56,52.56,4.81
110,Conceicao do Mato Dentro,100,BR,1566661009,71,-19.04,-43.42,67.5,2.89
111,Vilhena,38,BR,1566661010,45,-12.74,-60.15,86.0,16.11
112,Galveston,1,US,1566661011,52,40.58,-86.19,70.0,8.05
113,Bluff,0,AU,1566661012,82,-23.58,149.07,55.08,6.85
114,Grindavik,20,IS,1566661013,76,63.84,-22.43,55.4,8.05
115,Arraial do Cabo,40,BR,1566661014,57,-22.97,-42.02,75.2,3.36
116,Caravelas,100,BR,1566661015,67,-17.73,-39.27,75.42,5.14
117,Rabat,0,MA,1566661017,65,34.02,-6.83,93.0,6.93
118,Longyearbyen,75,NO,1566661018,95,78.22,15.63,41.0,10.29
119,Ust-Kulom,98,RU,1566661019,88,61.69,53.69,55.26,3.36
120,Stephenville,75,CA,1566661020,67,48.55,-58.59,60.8,13.87
121,Longview,75,US,1566660787,78,32.5,-94.74,86.0,5.82
122,Cabedelo,75,BR,1566661022,74,-6.97,-34.84,82.4,14.99
123,Orlik,0,PL,1566661024,50,53.95,17.74,81.0,13.87
124,Key West,1,US,1566660871,68,47.93,-96.78,73.4,16.11
125,Yaan,100,NG,1566661026,87,7.38,8.57,77.76,2.39
126,Kokopo,100,PG,1566661027,97,-4.34,152.27,69.12,2.59
127,Kiunga,23,PG,1566661028,99,-6.12,141.3,70.38,3.18
128,Muhos,0,FI,1566661029,63,64.81,26.0,62.6,13.87
129,Flinders,0,AU,1566661031,46,-34.58,150.85,60.01,2.24
130,Richards Bay,0,ZA,1566660879,68,-28.77,32.06,73.44,25.52
131,Podor,0,MR,1566661033,28,16.65,-14.96,97.38,15.61
132,Tarui,75,JP,1566661034,74,35.37,136.53,78.8,17.22
133,Antofagasta,20,CL,1566661035,67,-23.65,-70.4,59.0,6.93
134,Manati,20,AL,1566661036,38,41.76,19.67,93.2,2.24
135,San Joaquin,100,PH,1566661038,93,10.59,122.14,77.04,3.09
136,Walvis Bay,0,NA,1566661042,9,-22.95,14.51,114.8,14.99
137,Praia da Vitoria,20,PT,1566661043,69,38.73,-27.07,75.2,13.02
138,Sioux Lookout,75,CA,1566661044,68,50.1,-91.92,64.4,6.93
139,Port Keats,100,AU,1566661045,49,-14.25,129.55,67.68,3.74
140,Pangnirtung,90,CA,1566661046,93,66.15,-65.72,46.4,12.75
141,Lerwick,0,GB,1566661047,82,60.15,-1.15,64.4,11.41
142,Cascais,0,PT,1566661049,32,38.7,-9.42,89.6,19.46
143,Qaanaaq,91,GL,1566661050,59,77.48,-69.36,37.98,18.61
144,Lebu,75,ET,1566661051,72,8.96,38.73,62.6,4.7
145,Lavrentiya,77,RU,1566661052,88,65.58,-170.99,40.5,4.32
146,Sinnamary,69,GF,1566661053,71,5.38,-52.96,82.98,10.04
147,Lompoc,90,US,1566661054,87,34.64,-120.46,69.01,3.67
148,Vila Velha,20,BR,1566660975,45,-3.71,-38.6,87.8,21.92
149,Tura,99,RU,1566661057,59,64.27,100.22,59.94,4.07
150,Lazaro Cardenas,90,MX,1566661058,73,28.39,-105.62,71.6,5.82
151,Bhalki,93,IN,1566661059,86,18.04,77.21,73.98,4.85
152,Sao Filipe,62,CV,1566661060,81,14.9,-24.5,78.66,12.68
153,Nouadhibou,32,MR,1566661061,73,20.93,-17.03,77.0,11.41
154,Ati,56,TD,1566661062,55,13.21,18.34,87.3,8.57
155,Los Llanos de Aridane,20,ES,1566661064,74,28.66,-17.92,79.0,17.22
156,Pacific Grove,90,US,1566661065,77,36.62,-121.92,66.99,2.15
157,Torbay,90,CA,1566661066,76,47.66,-52.73,57.99,16.11
158,Cururupu,44,BR,1566661067,60,-1.82,-44.87,86.58,7.45
159,Zhezkazgan,0,KZ,1566661068,22,47.8,67.71,75.2,4.47
160,Luderitz,0,NA,1566661069,14,-26.65,15.16,89.6,10.29
161,Burns Lake,59,CA,1566661071,91,54.23,-125.76,45.72,5.41
162,Moose Factory,1,CA,1566661072,68,51.26,-80.61,64.4,6.93
163,Castro,90,CL,1566661073,87,-42.48,-73.76,48.2,9.17
164,Makat,76,KZ,1566661074,16,47.65,53.35,92.16,6.02
165,Sao Mateus do Sul,100,BR,1566661075,60,-25.87,-50.38,61.74,2.68
166,Saint-Leu,75,RE,1566661076,83,-21.15,55.28,71.6,16.11
167,Yumbe,34,UG,1566661078,89,3.47,31.25,72.72,4.36
168,Lethem,23,GY,1566661079,58,3.38,-59.8,87.66,10.31
169,Dalvik,37,SE,1566661080,64,57.79,14.13,75.0,3.36
170,Ribeira Grande,20,PT,1566661081,53,38.52,-28.7,77.0,17.22
171,Saint-Francois,0,FR,1566661082,19,46.42,3.91,89.6,2.24
172,Krasnoshchekovo,80,RU,1566661083,61,51.67,82.73,62.82,0.47
173,Lexington,1,US,1566661039,60,38.05,-84.5,73.99,11.41
174,Coquimbo,90,CL,1566661086,81,-29.95,-71.34,53.6,9.17
175,Brazzaville,90,CD,1566661087,65,-4.27,15.27,77.0,6.93
176,Pouembout,25,NC,1566661088,69,-21.12,164.9,66.24,11.65
177,Faya,75,SA,1566661089,36,18.39,42.45,77.0,4.7
178,Tommot,83,RU,1566661090,93,58.97,126.27,53.82,2.13
179,Harrison,1,US,1566661003,49,39.26,-84.82,73.99,11.41
180,Nemuro,15,JP,1566661093,96,43.32,145.57,60.3,1.36
181,Aksu,0,KZ,1566661094,68,52.04,76.93,64.4,8.95
182,Hay River,40,CA,1566661095,93,60.82,-115.79,51.8,2.24
183,Khatanga,98,RU,1566661096,85,71.98,102.47,55.8,7.34
184,Luanda,75,AO,1566660980,83,-8.83,13.24,75.2,10.29
185,Murgab,0,TM,1566661098,15,37.5,61.97,87.8,6.93
186,Ambon,0,FR,1566661100,39,47.55,-2.56,84.2,10.29
187,Lorengau,99,PG,1566661101,81,-2.02,147.27,80.64,9.48
188,Provideniya,0,RU,1566661102,79,64.42,-173.23,45.0,2.71
189,Ballina,75,IE,1566661103,88,54.11,-9.15,66.0,2.24
190,Poum,40,MK,1566661104,35,41.28,20.71,84.2,3.36
191,Aguimes,20,ES,1566661105,65,27.91,-15.45,82.4,28.86
192,Meulaboh,100,ID,1566661107,86,4.14,96.13,77.94,11.27
193,Songea,20,TZ,1566661108,39,-10.68,35.65,78.8,5.82
194,Gasa,99,BT,1566661109,92,27.91,89.73,41.04,5.91
195,Itarema,0,BR,1566661110,32,-2.92,-39.92,93.42,12.41
196,Chuy,38,UY,1566661111,71,-33.69,-53.46,55.08,5.59
197,Saint George,20,GR,1566660903,31,39.45,22.34,93.2,11.41
198,Sisimiut,0,GL,1566661114,72,66.94,-53.67,43.74,9.71
199,Pevek,47,RU,1566661115,79,69.7,170.27,41.94,1.28
200,Saint-Augustin,75,CA,1566661116,68,45.63,-73.98,71.01,3.36
201,Cangucu,40,BR,1566661117,82,-31.39,-52.68,61.0,4.7
202,Grootfontein,0,NA,1566661118,10,-19.56,18.1,78.8,13.87
203,Boysun,48,UZ,1566661122,44,38.2,67.2,54.54,3.09
204,Cairns,6,AU,1566661124,82,-16.92,145.77,64.4,8.05
205,Jangaon,100,IN,1566661125,66,17.72,79.16,71.82,11.77
206,Vvedenskoye,0,RU,1566661126,43,55.29,38.01,75.0,11.18
207,Ngunguru,86,NZ,1566661127,78,-35.62,174.5,52.0,5.99
208,Nome,75,US,1566661128,78,30.04,-94.42,84.99,8.05
209,Waipawa,0,NZ,1566661129,80,-39.94,176.59,46.99,4.0
210,Ifanadiana,63,MG,1566661130,97,-21.3,47.64,59.94,2.84
211,Atikokan,100,CA,1566661132,65,48.76,-91.62,64.44,9.33
212,Thunder Bay,75,CA,1566661099,100,48.41,-89.26,66.99,2.24
213,Beloha,0,MG,1566661134,73,-25.17,45.06,66.42,15.52
214,Atar,25,MR,1566661135,26,20.52,-13.05,101.7,15.43
215,Ahipara,100,NZ,1566661102,100,-35.17,173.16,51.01,1.01
216,Faanui,61,PF,1566661137,72,-16.48,-151.75,77.58,7.85
217,Miraflores,20,PE,1566661139,14,-16.39,-71.52,69.8,6.93
218,Pala,87,TD,1566661140,78,9.37,14.91,79.2,6.31
219,Mezhdurechensk,31,RU,1566661141,97,53.69,88.07,50.22,2.73
220,Buala,100,SB,1566661142,83,-8.15,159.59,79.74,11.05
221,Laguna,40,BZ,1566661066,82,16.17,-88.94,68.0,0.94
222,Guasdualito,75,VE,1566661144,83,7.24,-70.73,82.4,5.82
223,Fairbanks,90,US,1566661145,100,64.84,-147.72,43.0,1.16
224,Anori,26,BR,1566661147,45,-3.74,-61.66,93.6,3.44
225,Caxito,75,BR,1566661148,68,-22.65,-42.51,75.2,5.82
226,Galesong,20,ID,1566661149,83,-5.32,119.37,77.0,3.36
227,Christchurch,0,NZ,1566661150,87,-43.53,172.64,39.0,2.24
228,Sao Joao de Pirabas,99,BR,1566661151,68,-0.77,-47.18,84.24,5.59
229,Lardos,0,GR,1566661152,74,36.09,28.02,87.01,14.99
230,Kajaani,90,FI,1566661153,87,64.22,27.73,57.2,6.93
231,Namatanai,100,PG,1566661155,86,-3.66,152.44,78.48,14.9
232,Hailey,5,US,1566661156,58,43.52,-114.32,63.0,9.17
233,Airai,62,TL,1566661157,80,-8.93,125.41,66.78,5.08
234,Liwale,100,TZ,1566661158,57,-9.8,37.92,71.28,8.41
235,Baymak,100,RU,1566661159,66,52.6,58.31,59.04,3.94
236,Pasighat,44,IN,1566661160,71,28.06,95.33,75.06,1.88
237,Ostrovnoy,100,RU,1566661161,84,68.05,39.51,45.72,12.57
238,Burias,100,PH,1566661163,90,11.45,122.55,75.6,2.62
239,High Level,75,CA,1566661164,87,58.52,-117.13,51.8,3.36
240,Rio Grande,40,BR,1566661023,82,-32.03,-52.1,61.0,4.7
241,Teavaro,0,PF,1566661166,83,-17.5,-149.77,71.6,3.36
242,Shingu,100,JP,1566661167,98,33.72,135.99,65.16,1.66
243,Camacari,40,BR,1566661168,69,-12.7,-38.32,80.6,12.75
244,Beyneu,9,KZ,1566661169,14,45.32,55.19,87.48,8.14
245,Bambous Virieux,75,MU,1566661171,78,-20.34,57.76,71.6,14.99
246,Avarua,15,CK,1566661172,88,-21.21,-159.78,69.8,2.24
247,Brae,100,GB,1566661173,82,60.4,-1.35,62.6,16.11
248,Japura,63,ID,1566661174,65,-0.42,102.29,78.3,1.95
249,Bonavista,100,CA,1566661175,86,48.65,-53.11,54.0,8.01
250,Yar-Sale,100,RU,1566661177,65,66.83,70.83,49.68,21.25
251,Murmashi,75,RU,1566661178,71,68.82,32.82,50.0,6.71
252,Petropavlovsk-Kamchatskiy,75,RU,1566661179,93,53.05,158.65,50.0,4.47
253,Proletariy,20,RU,1566661180,55,58.43,31.7,67.5,8.66
254,Mar del Plata,66,AR,1566661181,47,-46.43,-67.52,54.18,24.56
255,Vardo,1,US,1566661182,53,39.62,-77.74,73.99,8.05
256,Vestmannaeyjar,20,IS,1566661183,87,63.44,-20.27,55.4,18.34
257,Sistranda,75,NO,1566661185,82,63.73,8.83,64.0,6.93
258,Esperance,75,AU,1566661113,75,-33.86,121.89,46.4,5.82
259,Bandarbeyla,100,SO,1566661187,42,9.49,50.81,88.74,21.88
260,Pokhara,99,NP,1566661175,98,28.21,83.99,57.42,1.68
261,Porto-Vecchio,0,FR,1566661189,54,41.59,9.28,84.2,9.17
262,General Roca,0,AR,1566661190,66,-39.03,-67.58,55.4,3.36
263,Gunjur,75,GM,1566661192,79,13.18,-16.76,86.0,6.93
264,Bichura,75,RU,1566661193,97,50.59,107.6,56.88,3.71
265,Kedrovyy,40,RU,1566661194,93,56.17,91.82,59.0,8.95
266,At-Bashi,70,KG,1566661195,40,41.17,75.81,57.6,6.98
267,Alofi,0,NU,1566661118,94,-19.06,-169.92,75.2,6.93
268,Mahebourg,75,MU,1566660952,78,-20.41,57.7,71.6,14.99
269,Fort Nelson,75,CA,1566661137,87,58.81,-122.69,46.4,0.67
270,Taraz,0,KZ,1566661199,29,42.89,71.39,77.0,13.42
271,Tuktoyaktuk,75,CA,1566661042,75,69.44,-133.03,35.6,10.29
272,Tasiilaq,20,GL,1566660871,61,65.61,-37.64,48.2,8.05
273,Pemba,100,MZ,1566661206,73,-12.97,40.52,77.76,16.58
274,Rurrenabaque,20,BO,1566661207,66,-14.44,-67.53,86.0,3.36
275,Mana,69,NG,1566661208,55,13.03,5.27,87.66,9.66
276,Manta,25,RO,1566661210,31,45.1,24.1,86.76,6.13
277,Geraldton,40,CA,1566661211,55,49.72,-86.95,62.6,12.75
278,Sierpc,0,PL,1566661212,44,52.85,19.67,77.04,7.78
279,Deniliquin,1,AU,1566661213,78,-35.53,144.96,46.99,5.99
280,Hetauda,75,NP,1566661100,100,27.43,85.03,69.8,4.7
281,Panaba,24,MX,1566661216,61,21.28,-88.27,86.4,3.89
282,Bathsheba,75,BB,1566661043,70,13.22,-59.52,87.8,18.34
283,Mount Gambier,40,AU,1566661218,100,-37.83,140.78,37.4,6.93
284,Tekeli,0,KZ,1566661219,31,44.86,78.76,64.8,7.74
285,Port Moresby,100,PG,1566661221,82,-9.47,147.16,74.16,21.92
286,Te Anau,88,NZ,1566660921,79,-45.41,167.72,45.54,10.56
287,Billings,20,US,1566661100,52,45.79,-108.5,73.99,12.75
288,Guerrero Negro,0,MX,1566661224,75,27.97,-114.04,70.02,6.73
289,Paamiut,0,GL,1566661225,64,61.99,-49.67,41.58,6.24
290,Kiruna,92,SE,1566661226,58,67.86,20.23,57.2,4.7
291,Grand-Santi,0,GF,1566661228,81,4.27,-54.38,81.72,2.68
292,Mogadishu,4,SO,1566661229,78,2.04,45.34,78.12,18.1
293,Northam,8,AU,1566661200,81,-31.65,116.67,46.4,3.36
294,Half Moon Bay,90,US,1566660881,100,37.46,-122.43,68.0,5.82
295,Lazarev,100,RU,1566661232,86,52.23,141.51,51.12,8.88
296,Clyde River,82,CA,1566661233,49,70.47,-68.59,51.12,4.25
297,Chiredzi,0,ZW,1566661234,35,-21.05,31.67,77.76,8.81
298,Katsuura,90,JP,1566660876,83,33.93,134.5,73.4,5.82
299,Naica,95,MX,1566661237,64,27.86,-105.49,72.18,16.42
300,Constitucion,75,MX,1566661105,68,23.99,-104.67,66.0,5.82
301,Save,99,BJ,1566661239,81,8.04,2.49,81.0,7.29
302,Teseney,74,ER,1566661240,60,15.11,36.66,84.6,8.46
303,Goya,100,AR,1566661242,46,-29.14,-59.27,67.86,9.66
304,Hibbing,75,US,1566661243,68,47.43,-92.94,69.8,10.29
305,Sedona,1,US,1566661244,38,34.87,-111.79,78.01,3.18
306,Nuuk,20,GL,1566661245,70,64.17,-51.74,48.2,6.93
307,Flagstaff,1,US,1566661246,46,35.2,-111.65,77.0,8.05
308,Makokou,100,GA,1566661247,92,0.56,12.85,69.12,3.74
309,Yabrud,0,SY,1566661249,14,33.97,36.66,102.2,17.22
310,Pisco,90,PE,1566661085,30,-13.71,-76.2,71.6,8.05
311,Marsa Matruh,0,EG,1566661059,74,31.35,27.25,84.2,11.41
312,Leningradskiy,54,RU,1566661106,86,69.38,178.42,40.68,5.7
313,Saint-Pierre,0,FR,1566661253,32,48.95,4.24,87.8,3.36
314,Teya,75,MX,1566661254,83,21.05,-89.07,91.0,8.05
315,Jalu,0,LY,1566661255,15,29.03,21.55,99.36,4.68
316,Hami,0,CN,1566661256,18,42.84,93.51,83.7,25.84
317,Beringovskiy,0,RU,1566660936,90,63.05,179.32,44.82,6.8
318,Nioro,57,GM,1566661259,54,13.79,-15.05,91.26,14.23
319,La Ronge,75,CA,1566661199,93,55.1,-105.3,59.0,4.7
320,Huarmey,100,PE,1566661261,91,-10.07,-78.15,59.04,11.83
321,Marsh Harbour,91,BS,1566661262,79,26.54,-77.06,83.34,16.96
322,Rome,20,IT,1566661001,40,41.89,12.48,89.6,8.05
323,Mareeba,19,AU,1566661146,82,-16.99,145.42,64.4,8.05
324,Urcos,59,PE,1566661266,41,-13.69,-71.62,57.2,3.36
325,Gat,75,SN,1566661267,63,14.69,-16.54,91.4,4.7
326,Juegang,78,CN,1566661268,78,32.31,121.18,82.0,11.5
327,Padang,83,ID,1566661269,82,-0.92,100.36,81.0,16.64
328,Shache,100,CN,1566661229,51,38.42,77.24,79.0,3.0
329,Norman Wells,75,CA,1566661179,93,65.28,-126.83,42.8,9.17
330,Margate,75,AU,1566661218,65,-43.03,147.26,44.6,11.41
331,San Carlos de Bariloche,75,AR,1566661274,53,-41.13,-71.31,50.0,19.46
332,Bongandanga,58,CD,1566661275,83,1.51,21.07,77.04,7.81
333,Mahendranagar,100,IN,1566661276,83,28.02,81.63,81.72,2.44
334,Hays,90,US,1566661083,94,38.88,-99.33,71.01,12.75
335,Sao Joao da Barra,75,BR,1566661282,78,-21.64,-41.05,71.6,5.46
336,Manacapuru,20,BR,1566661155,58,-3.3,-60.62,87.8,4.7
337,Pochutla,20,MX,1566661284,70,15.74,-96.47,87.01,2.66
338,Oktyabrskiy,0,RU,1566661285,46,55.61,37.97,75.0,8.95
339,Aranos,0,NA,1566661286,8,-24.14,19.11,81.36,4.41
340,Betsiamites,1,CA,1566661287,45,48.94,-68.65,64.4,5.82
341,Tazovskiy,100,RU,1566661289,98,67.47,78.7,50.04,21.34
342,Havoysund,75,NO,1566661290,75,71.0,24.66,44.6,11.41
343,Angoram,4,PG,1566661291,97,-4.06,144.07,74.52,2.93
344,Georgetown,20,GY,1566661191,70,6.8,-58.16,89.6,9.17
345,Abai,0,KZ,1566661293,32,41.35,68.95,82.4,11.41
346,Southbridge,20,US,1566661005,56,42.08,-72.03,73.99,11.41
347,Neuquen,0,AR,1566661157,66,-38.95,-68.06,55.4,3.36
348,Viedma,100,AR,1566661206,53,-40.81,-62.99,63.36,14.32
349,Beckley,90,US,1566661223,73,37.78,-81.19,69.8,4.34
350,Palu,21,ID,1566661299,90,-0.9,119.87,74.7,3.24
351,Santa Cruz del Norte,40,CU,1566661300,70,23.15,-81.92,86.0,3.36
352,Lobito,0,AO,1566661115,54,-12.35,13.55,80.6,5.82
353,Zlobin,40,HR,1566661302,58,45.29,14.65,82.4,4.7
354,Masvingo,0,ZW,1566661201,35,-20.08,30.83,71.28,9.62
355,Buenos Aires,0,AR,1566661141,76,-34.61,-58.44,63.0,6.93
356,Dunedin,86,NZ,1566660735,55,-45.87,170.5,48.0,4.0
357,Maldonado,0,UY,1566661300,48,-34.91,-54.96,60.8,10.29
358,Portland,40,US,1566660894,56,43.66,-70.25,71.6,9.17
359,Alice Springs,0,AU,1566661077,19,-23.7,133.88,48.2,5.82
360,Ginir,16,ET,1566661217,73,7.14,40.71,66.06,7.0
361,Fortuna,90,US,1566660888,100,40.6,-124.16,57.0,4.7
362,Oyem,90,GA,1566661312,94,1.6,11.57,71.6,6.17
363,Myitkyina,0,MM,1566661313,77,25.38,97.4,76.14,3.29
364,Milton,0,AU,1566661314,54,-35.32,150.44,46.4,2.24
365,Puri,16,ID,1566661107,77,-7.54,112.45,73.08,17.31
366,Balgazyn,52,RU,1566661317,71,51.0,95.2,46.98,2.39
367,Tete,20,MZ,1566661318,42,-16.16,33.59,82.4,11.41
368,Tha Muang,100,TH,1566661319,84,13.98,99.64,79.2,3.4
369,Rocha,92,UY,1566661320,62,-34.48,-54.34,56.88,8.68
370,Klaksvik,94,FO,1566661173,100,62.23,-6.59,51.8,11.41
371,Shubarkuduk,50,KZ,1566661322,23,49.15,56.49,82.08,4.5
372,Yeppoon,90,AU,1566661324,82,-23.13,150.74,62.6,5.82
373,Alexandria,26,RO,1566661052,25,43.97,25.33,91.0,1.99
374,Adrar,0,DZ,1566661109,8,27.87,-0.29,111.2,8.05
375,Karpogory,100,RU,1566661327,97,64.0,44.44,52.56,3.13
376,Rawson,100,AR,1566661328,44,-43.3,-65.11,58.5,7.34
377,Paramonga,99,PE,1566661329,90,-10.68,-77.82,58.86,8.21
378,Coolum Beach,0,AU,1566661330,93,-26.53,153.09,53.01,2.75
379,Yanam,75,IN,1566661049,94,16.73,82.22,80.6,6.93
380,Novo Aripuana,66,BR,1566661333,44,-5.12,-60.38,92.7,4.47
381,San Cristobal,26,HN,1566661334,61,14.68,-86.92,78.12,5.14
382,Frontera,5,MX,1566661314,74,18.53,-92.64,86.0,11.77
383,Russell,90,US,1566660983,94,38.9,-98.86,71.01,13.87
384,Evensk,100,RU,1566661075,98,61.92,159.24,51.12,8.16
385,Muromtsevo,42,RU,1566661338,64,56.37,75.24,61.02,8.16
386,Kangaatsiaq,0,GL,1566661339,68,68.31,-53.46,40.68,9.95
387,Westport,1,US,1566661315,40,41.14,-73.36,73.99,9.17
388,Narsaq,75,GL,1566661342,48,60.91,-46.05,50.0,3.36
389,Conceicao do Araguaia,62,BR,1566661343,18,-8.26,-49.26,97.56,8.75
390,Kahramanmaras,20,TR,1566661344,25,37.58,36.93,97.0,8.05
391,Pangkalanbuun,100,ID,1566661345,84,-2.68,111.62,77.22,3.58
392,Alekseyevka,0,RU,1566661347,40,53.25,50.49,73.4,4.47
393,Berlevag,90,NO,1566661259,70,70.86,29.09,44.1,12.19
394,Mazatlan,90,MX,1566661349,83,23.22,-106.42,87.01,4.7
395,Ouro Sogui,54,SN,1566661350,33,15.61,-13.32,97.2,13.8
396,Moree,0,AU,1566661351,47,-29.46,149.84,55.4,9.17
397,Les Cayes,1,HT,1566661352,77,18.19,-73.75,83.52,19.89
398,Namibe,100,AO,1566661354,90,-15.19,12.15,68.22,12.95
399,Khash,0,IR,1566661355,14,28.22,61.21,71.28,12.28
400,Palauig,100,PH,1566661356,80,15.44,119.9,82.62,15.77
401,Komsomolskiy,93,RU,1566661175,65,67.55,63.78,47.7,8.86
402,Ormara,7,PK,1566661085,76,25.21,64.64,81.18,12.3
403,Saint-Joseph,66,FR,1566661182,54,43.56,6.97,86.0,6.93
404,Shumskiy,0,RU,1566661360,88,54.83,99.13,48.24,1.54
405,Bombay,90,US,1566661362,63,44.94,-74.57,70.0,4.7
406,Ardakan,0,IR,1566661363,10,32.31,54.02,91.4,9.17
407,Alekseyevsk,100,RU,1566661364,97,57.84,108.35,60.12,5.48
408,Salinas,1,US,1566661325,88,36.67,-121.66,68.0,1.41
409,Nanakuli,40,US,1566661366,83,21.39,-158.15,80.6,3.36
410,Jintur,100,IN,1566661368,80,19.61,76.69,77.94,7.67
411,Egvekinot,88,RU,1566661369,76,66.32,-179.17,44.28,3.13
412,Altamira,0,BR,1566661370,41,-3.2,-52.21,92.52,4.7
413,Bereda,20,ES,1566661374,68,43.27,-7.54,84.99,9.17
414,Noumea,90,NC,1566661375,63,-22.28,166.46,70.0,4.7
415,Meadow Lake,75,CA,1566661376,93,54.13,-108.44,59.0,3.36
416,Pribinic,20,BA,1566661378,51,44.61,17.69,86.0,3.36
417,Turukhansk,100,RU,1566661021,66,65.8,87.96,59.4,8.86
418,Broken Hill,6,AU,1566661380,71,-31.97,141.45,51.8,18.34
419,Saldanha,91,PT,1566661138,18,41.42,-6.55,94.14,8.19
420,Green River,1,US,1566661382,35,41.53,-109.47,70.0,4.7
421,Xuddur,100,SO,1566661383,53,4.12,43.89,82.62,20.2
422,Maniitsoq,0,GL,1566661370,63,65.42,-52.9,44.64,4.16
423,Tsumeb,0,NA,1566661385,10,-19.25,17.72,78.8,13.87
424,Diffa,65,NE,1566661387,64,13.32,12.61,81.72,16.2
425,Khuzhir,100,RU,1566661388,98,53.19,107.35,55.44,5.03
426,Cockburn Town,100,TC,1566661072,80,21.46,-71.14,83.34,17.9
427,Maniwaki,18,CA,1566661185,56,46.38,-75.98,65.7,6.26
428,Sola,100,TZ,1566661391,30,-3.17,33.8,81.54,2.46
429,Dingle,100,PH,1566661029,88,11.0,122.67,75.24,5.53
430,Bilma,89,NE,1566661394,30,18.69,12.92,95.22,4.92
431,Batemans Bay,0,AU,1566661395,59,-35.71,150.18,53.01,3.8
432,Nyimba,90,ZM,1566661396,29,-14.56,30.81,82.8,11.72
433,Baoro,100,CF,1566661397,95,5.69,15.95,69.66,1.66
434,Rantepao,59,ID,1566661398,98,-2.97,119.9,59.58,2.64
435,Manakara,0,MG,1566661399,83,-22.14,48.01,67.14,4.34
436,Tigil,94,RU,1566661401,89,57.8,158.67,47.16,1.21
437,Aschaffenburg,0,DE,1566661402,35,49.97,9.15,88.0,6.93
438,Talnakh,0,RU,1566661403,93,69.49,88.39,55.4,8.95
439,Coihaique,90,CL,1566661179,100,-45.58,-72.07,42.8,3.36
440,Bose,40,IT,1566661405,45,45.46,8.01,88.0,4.7
441,Mackay,75,CA,1566661406,93,53.65,-115.58,51.8,6.93
442,Yuli,0,CN,1566661407,90,24.82,106.77,70.92,2.01
443,Phalombe,77,MW,1566661409,76,-15.81,35.65,66.42,7.72
444,Preobrazheniye,100,RU,1566661410,97,42.9,133.91,54.9,1.88
445,Yingcheng,0,CN,1566661411,55,30.93,113.57,86.0,11.18
446,Tabou,85,CI,1566661412,73,4.42,-7.36,80.46,10.49
447,Taltal,0,CL,1566661360,64,-25.41,-70.49,60.3,5.26
448,Sangar,0,RU,1566661418,89,63.92,127.47,51.66,1.19
449,Nantucket,1,US,1566661250,64,41.28,-70.1,73.99,18.34
450,Palmer,20,AU,1566661212,87,-34.85,139.16,46.99,5.82
451,Okhotsk,80,RU,1566661210,95,59.36,143.24,51.84,5.84
452,Bechem,100,GH,1566661422,81,7.09,-2.02,79.92,4.56
453,Kendari,14,ID,1566661423,92,-3.99,122.52,72.18,1.5
454,Kamenka,69,MD,1566661425,45,48.03,28.7,82.0,4.0
455,Ekhabi,100,RU,1566661426,91,53.51,142.97,49.32,6.73
456,Griffith,1,AU,1566661227,49,-34.29,146.06,48.2,4.7
457,Port Hardy,90,CA,1566661207,100,50.7,-127.42,55.4,4.25
458,Burgeo,34,CA,1566661429,70,47.61,-57.61,63.36,12.3
459,Yangambi,62,CD,1566661430,52,0.77,24.47,88.74,2.35
460,Kaeo,100,NZ,1566661050,100,-35.1,173.78,52.0,1.01
461,Pihani,100,IN,1566661432,82,27.62,80.2,82.8,6.71
462,Raunheim,0,DE,1566661434,35,50.01,8.45,88.0,6.93
463,Abha,75,SA,1566661435,36,18.22,42.5,77.0,4.7
464,Ponta Delgada,75,PT,1566661436,88,37.73,-25.67,73.4,16.11
465,Soloneshnoye,58,RU,1566661437,66,51.65,84.32,57.6,7.52
466,Bassum,0,DE,1566661438,30,52.85,8.73,84.99,11.41
467,Olinda,40,AU,1566661440,87,-37.84,145.39,48.0,10.29
468,Kununurra,0,AU,1566661150,58,-15.77,128.74,59.0,2.24
469,Talisay,75,PH,1566661442,78,10.25,123.85,82.4,2.24
470,Zelenoborskiy,79,RU,1566661443,85,66.84,32.36,55.62,2.95
471,Leeton,1,AU,1566661444,69,-34.55,146.4,48.2,8.05
472,Wenatchee,1,US,1566661303,35,47.42,-120.31,71.01,14.99
473,Dakar,40,SN,1566661424,70,14.69,-17.45,87.8,9.17
474,Astara,40,AZ,1566661448,66,38.42,48.87,84.2,9.17
475,Urusha,72,RU,1566661449,91,54.05,122.9,54.36,1.79
476,Umm Lajj,0,SA,1566661283,72,25.02,37.27,87.3,6.4
477,Dhidhdhoo,93,MV,1566660950,79,6.88,73.1,81.54,12.64
478,Madaoua,100,NE,1566661452,50,14.07,5.96,88.02,8.52
479,Porosozero,74,RU,1566661320,88,62.72,32.71,58.5,7.7
480,Sobolevo,0,RU,1566661362,74,54.43,31.9,68.76,7.11
481,Novobirilyussy,98,RU,1566661455,97,56.95,90.69,53.82,5.37
482,Port Lincoln,42,AU,1566661035,60,-34.72,135.86,52.56,12.93
483,Acari,8,BR,1566661458,26,-6.44,-36.64,92.52,14.74
484,Tougan,100,BF,1566661459,82,13.07,-3.07,79.38,13.47
485,Jumla,42,NP,1566661460,97,29.28,82.18,53.82,1.88
486,Dallas,1,US,1566661023,78,32.78,-96.8,84.99,3.36
487,Mosquera,40,CO,1566661462,55,4.71,-74.23,62.6,14.99
488,Bilibino,26,RU,1566661248,60,68.06,166.44,44.64,4.7
489,Sandpoint,1,US,1566661464,77,48.28,-116.55,66.99,2.1
490,Amazar,45,RU,1566661466,90,53.86,120.88,52.92,1.23
491,Cap Malheureux,75,MU,1566661467,78,-19.98,57.61,71.6,14.99
492,Uva,23,RU,1566661468,64,56.98,52.19,64.0,4.68
493,Anloga,75,GH,1566661469,78,5.79,0.9,80.6,14.99
494,Nesna,20,NO,1566661491,72,66.2,13.02,62.6,2.24
495,San Andres,100,PH,1566661493,83,13.32,122.68,79.92,10.63
496,Scottsbluff,90,US,1566661494,88,41.87,-103.67,66.99,9.17
497,Tsuruoka,100,JP,1566661495,76,38.61,139.81,70.92,2.15
498,Hambantota,75,LK,1566661496,100,6.12,81.12,80.6,4.7
499,Teguise,20,ES,1566661497,39,29.06,-13.56,95.0,13.87
500,Luwuk,65,ID,1566661272,98,-0.95,122.79,62.64,4.81
501,Lagoa,0,PT,1566660979,42,37.14,-8.45,87.01,9.17
502,Riyadh,40,SA,1566661059,16,24.63,46.72,104.0,3.36
503,Vallenar,100,CL,1566661502,45,-28.58,-70.76,65.88,8.01
504,Cleethorpes,0,GB,1566661503,44,53.56,-0.03,82.4,9.17
505,Hualmay,99,PE,1566661014,90,-11.1,-77.61,58.86,9.13
506,Ingham,90,AU,1566661506,97,-18.65,146.16,63.36,2.33
507,Ewa Beach,40,US,1566661507,83,21.32,-158.01,80.6,3.36
508,Ulladulla,0,AU,1566661372,54,-35.36,150.48,46.4,2.24
509,Polaniec,0,PL,1566661510,47,50.43,21.28,80.01,11.41
510,Darab,0,IR,1566661511,9,28.75,54.55,74.88,10.76
511,Athmallik,99,IN,1566661512,87,20.72,84.53,79.38,3.85
512,Talara,40,PE,1566661513,290,-4.58,-81.27,62.6,23.04
513,Boa Vista,40,BR,1566661416,58,2.82,-60.67,87.8,8.05
514,Plettenberg Bay,0,ZA,1566661516,47,-34.05,23.37,67.5,4.47
515,Sooke,75,CA,1566661517,82,48.37,-123.73,63.0,3.36
516,Lasa,20,CY,1566660973,74,34.92,32.53,90.0,12.75
517,Haines Junction,100,CA,1566661149,95,60.75,-137.51,39.96,3.96
518,Inhapim,79,BR,1566661520,54,-19.55,-42.12,76.86,4.99
519,Igarka,100,RU,1566661521,84,67.47,86.57,57.6,11.03
520,Chicama,90,PE,1566661522,87,-7.84,-79.15,60.8,8.05
521,Fountain Hills,75,US,1566661224,48,33.61,-111.72,90.0,8.05
522,Tangara,74,BI,1566661525,35,-2.92,29.97,75.42,3.53
523,Mehamn,97,NO,1566661461,73,71.03,27.85,42.12,10.56
524,Teahupoo,0,PF,1566661527,83,-17.83,-149.27,71.6,1.12
525,Chara,20,GR,1566661528,31,39.42,22.43,93.2,11.41
526,Hobyo,88,SO,1566661145,70,5.35,48.53,79.74,26.35
527,Fukue,75,JP,1566661531,74,35.03,136.69,78.8,17.22
528,Noshiro,79,JP,1566661532,93,40.21,140.05,63.36,3.65
529,Khandagayty,56,MN,1566661533,82,50.73,92.07,39.06,1.97
530,Superior,1,US,1566661534,63,39.95,-105.17,71.01,8.3
531,Karratha,0,AU,1566661525,78,-20.74,116.85,65.16,8.79
532,Sorland,100,NO,1566661122,78,67.67,12.69,52.74,11.27
533,Demba,5,CD,1566661504,14,-5.47,22.27,98.82,1.52
534,Henties Bay,0,NA,1566661539,43,-22.12,14.28,69.3,18.37
535,Piracicaba,20,BR,1566661540,49,-22.73,-47.65,75.99,13.87
536,Rongcheng,0,CN,1566661541,58,37.16,122.42,66.0,4.97
537,Ankazoabo,0,MG,1566661543,18,-22.29,44.51,73.8,6.51
538,San Antonio Ilotenango,0,GT,1566661544,79,15.07,-91.2,64.0,3.94
539,Port Blair,100,IN,1566660914,82,11.67,92.75,82.08,23.67
540,Guanica,1,PR,1566661478,74,17.97,-66.91,89.01,13.87
541,Lashio,16,MM,1566661547,98,22.93,97.75,69.84,0.63
542,Comodoro Rivadavia,0,AR,1566661548,41,-45.87,-67.48,60.8,13.87
543,Kaman,0,TR,1566661549,29,39.36,33.73,84.78,18.37
544,Doha,0,QA,1566661551,67,25.29,51.53,102.2,10.29
545,Belmonte,66,PT,1566661552,35,40.36,-7.35,100.0,5.99
